{
    "spider": "https://gitee.com/xiaoran67/update/raw/master/assets/subscribe/json/c/%E7%9F%AD%E5%89%A7.jar",
    "warningText": "接口免费整理维护，请勿付费购买",
  "lives": [
    {
      "name": "🍌香蕉1",
      "type": 0,
      "url": "https://raw.githubusercontent.com/xiaoran67/update/refs/heads/main/assets/subscribe/source/a/banana1.txt",
      "ua": "okhttp/3.15",
      "epg": "http://epg.51zmt.top:8000/api/diyp/?ch={name}&date={date}",
      "logo": "https://epg.112114.xyz/logo/{name}.png"
    },
    {
      "name": "🍊橘子1",
      "type": 0,
      "url": "https://raw.githubusercontent.com/xiaoran67/update/refs/heads/main/assets/subscribe/source/a/orange1.txt",
      "ua": "okhttp/3.15",
      "epg": "http://epg.51zmt.top:8000/api/diyp/?ch={name}&date={date}",
      "logo": "https://epg.112114.xyz/logo/{name}.png"
    },
    {
      "name": "🍊橘子2",
      "type": 0,
      "url": "https://raw.githubusercontent.com/xiaoran67/update/refs/heads/main/assets/subscribe/source/a/orange2.txt",
      "ua": "okhttp/3.15",
      "epg": "http://epg.51zmt.top:8000/api/diyp/?ch={name}&date={date}",
      "logo": "https://epg.112114.xyz/logo/{name}.png"
    },
    {
      "name": "🍊橘子3",
      "type": 0,
      "url": "https://raw.githubusercontent.com/xiaoran67/update/refs/heads/main/assets/subscribe/source/a/orange3.txt",
      "ua": "okhttp/3.15",
      "epg": "http://epg.51zmt.top:8000/api/diyp/?ch={name}&date={date}",
      "logo": "https://epg.112114.xyz/logo/{name}.png"
    },
    {
      "name": "🍓草莓",
      "type": 0,
      "url": "https://raw.githubusercontent.com/xiaoran67/update/refs/heads/main/assets/subscribe/source/a/sstv.txt",
      "ua": "okhttp/3.15",
      "epg": "http://epg.51zmt.top:8000/api/diyp/?ch={name}&date={date}",
      "logo": "https://epg.112114.xyz/logo/{name}.png"
    },
    {
      "name": "🍇葡萄",
      "type": 0,
      "url": "https://raw.githubusercontent.com/xiaoran67/update/refs/heads/main/assets/subscribe/source/a/xxys.txt",
      "ua": "okhttp/3.15",
      "epg": "http://epg.51zmt.top:8000/api/diyp/?ch={name}&date={date}",
      "logo": "https://epg.112114.xyz/logo/{name}.png"
    }
  ],
    "sites": [
        {
            "key": "cctv",
            "name": "📺央视｜大全",
            "type": 3,
            "api": "csp_CCTV",
            "searchable": 0,
            "filterable": 0,
            "ext": "https://gitee.com/lukei7/lib/raw/Luck/央视大全.json",
            "jar": "https://gitee.com/lukei7/lib/raw/Luck/HeChengChaXiu.jar"
        },
        {
            "key": "央视经典",
            "name": "📺央视｜经典",
            "type": 3,
            "api": "csp_Bili",
            "searchable": 0,
            "quickSearch": 1,
            "filterable": 1,
            "ext": "https://gitee.com/lukei7/lib/raw/Luck/%E5%93%94%E5%93%A9%E7%BB%8F%E5%85%B8.json"
        }
    ]
}
