{
    "spider": "https://gitee.com/xiaoran67/update/raw/master/assets/subscribe/json/c/%E7%9F%AD%E5%89%A7.jar",
    "warningText": "接口免费整理维护，请勿付费购买",
  "lives": [
    {
      "name": "🐉青龙 xiaoran67 core",
      "type": 0,
      "url": "https://raw.githubusercontent.com/xiaoran67/core/refs/heads/main/output/full.txt",
      "ua": "okhttp/3.15",
      "epg": "http://epg.51zmt.top:8000/api/diyp/?ch={name}&date={date}",
      "logo": "https://epg.112114.xyz/logo/{name}.png"
    },
    {
      "name": "🐉青龙 xiaoran67 update",
      "type": 0,
      "url": "https://raw.githubusercontent.com/xiaoran67/update/refs/heads/main/output/full.txt",
      "ua": "okhttp/3.15",
      "epg": "http://epg.51zmt.top:8000/api/diyp/?ch={name}&date={date}",
      "logo": "https://epg.112114.xyz/logo/{name}.png"
    },
    {
      "name": "🐯白虎 xiaoran67 core",
      "type": 0,
      "url": "https://raw.githubusercontent.com/xiaoran67/core/refs/heads/main/output/custom.txt",
      "ua": "okhttp/3.15",
      "epg": "http://epg.51zmt.top:8000/api/diyp/?ch={name}&date={date}",
      "logo": "https://epg.112114.xyz/logo/{name}.png"
    },
    {
      "name": "🐯白虎 xiaoran67 update",
      "type": 0,
      "url": "https://raw.githubusercontent.com/xiaoran67/update/refs/heads/main/output/custom.txt",
      "ua": "okhttp/3.15",
      "epg": "http://epg.51zmt.top:8000/api/diyp/?ch={name}&date={date}",
      "logo": "https://epg.112114.xyz/logo/{name}.png"
    },
    {
      "name": "🦜朱雀 xiaoran37 core",
      "type": 0,
      "url": "https://raw.githubusercontent.com/xiaoran37/core/refs/heads/main/output/lite.txt",
      "ua": "okhttp/3.15",
      "epg": "http://epg.51zmt.top:8000/api/diyp/?ch={name}&date={date}",
      "logo": "https://epg.112114.xyz/logo/{name}.png"
    },
    {
      "name": "🦜朱雀 xiaoran37 update",
      "type": 0,
      "url": "https://raw.githubusercontent.com/xiaoran37/update/refs/heads/main/output/lite.txt",
      "ua": "okhttp/3.15",
      "epg": "http://epg.51zmt.top:8000/api/diyp/?ch={name}&date={date}",
      "logo": "https://epg.112114.xyz/logo/{name}.png"
    },
    {
      "name": "🐢玄武 xiaoran37 core",
      "type": 0,
      "url": "https://raw.githubusercontent.com/xiaoran37/core/refs/heads/main/output/result.txt",
      "ua": "okhttp/3.15",
      "epg": "http://epg.51zmt.top:8000/api/diyp/?ch={name}&date={date}",
      "logo": "https://epg.112114.xyz/logo/{name}.png"
    },
    {
      "name": "🐢玄武 xiaoran37 update",
      "type": 0,
      "url": "https://raw.githubusercontent.com/xiaoran37/update/refs/heads/main/output/result.txt",
      "ua": "okhttp/3.15",
      "epg": "http://epg.51zmt.top:8000/api/diyp/?ch={name}&date={date}",
      "logo": "https://epg.112114.xyz/logo/{name}.png"
    },
    {
      "name": "🐉青龙 xiaoran67 core",
      "type": 0,
      "url": "https://raw.githubusercontent.com/xiaoran67/core/refs/heads/main/output/full.txt",
      "ua": "okhttp/3.15",
      "epg": "http://epg.51zmt.top:8000/api/diyp/?ch={name}&date={date}",
      "logo": "https://epg.112114.xyz/logo/{name}.png"
    },
    {
      "name": "🐉青龙 xiaoran67 update",
      "type": 0,
      "url": "https://raw.githubusercontent.com/xiaoran67/update/refs/heads/main/output/full.txt",
      "ua": "okhttp/3.15",
      "epg": "http://epg.51zmt.top:8000/api/diyp/?ch={name}&date={date}",
      "logo": "https://epg.112114.xyz/logo/{name}.png"
    },
    {
      "name": "🐯白虎 xiaoran67 core",
      "type": 0,
      "url": "https://raw.githubusercontent.com/xiaoran67/core/refs/heads/main/output/custom.txt",
      "ua": "okhttp/3.15",
      "epg": "http://epg.51zmt.top:8000/api/diyp/?ch={name}&date={date}",
      "logo": "https://epg.112114.xyz/logo/{name}.png"
    },
    {
      "name": "🐯白虎 xiaoran67 update",
      "type": 0,
      "url": "https://raw.githubusercontent.com/xiaoran67/update/refs/heads/main/output/custom.txt",
      "ua": "okhttp/3.15",
      "epg": "http://epg.51zmt.top:8000/api/diyp/?ch={name}&date={date}",
      "logo": "https://epg.112114.xyz/logo/{name}.png"
    },
    {
      "name": "🦜朱雀 xiaoran85 core",
      "type": 0,
      "url": "https://raw.githubusercontent.com/xiaoran85/core/refs/heads/main/output/lite.txt",
      "ua": "okhttp/3.15",
      "epg": "http://epg.51zmt.top:8000/api/diyp/?ch={name}&date={date}",
      "logo": "https://epg.112114.xyz/logo/{name}.png"
    },
    {
      "name": "🦜朱雀 xiaoran85 update",
      "type": 0,
      "url": "https://raw.githubusercontent.com/xiaoran85/update/refs/heads/main/output/lite.txt",
      "ua": "okhttp/3.15",
      "epg": "http://epg.51zmt.top:8000/api/diyp/?ch={name}&date={date}",
      "logo": "https://epg.112114.xyz/logo/{name}.png"
    },
    {
      "name": "🐢玄武 xiaoran85 core",
      "type": 0,
      "url": "https://raw.githubusercontent.com/xiaoran85/core/refs/heads/main/output/result.txt",
      "ua": "okhttp/3.15",
      "epg": "http://epg.51zmt.top:8000/api/diyp/?ch={name}&date={date}",
      "logo": "https://epg.112114.xyz/logo/{name}.png"
    },
    {
      "name": "🐢玄武 xiaoran85 update",
      "type": 0,
      "url": "https://raw.githubusercontent.com/xiaoran85/update/refs/heads/main/output/result.txt",
      "ua": "okhttp/3.15",
      "epg": "http://epg.51zmt.top:8000/api/diyp/?ch={name}&date={date}",
      "logo": "https://epg.112114.xyz/logo/{name}.png"
    },
    {
      "name": "🐉青龙 xiaoran012 core",
      "type": 0,
      "url": "https://raw.githubusercontent.com/xiaoran012/core/refs/heads/main/output/full.txt",
      "ua": "okhttp/3.15",
      "epg": "http://epg.51zmt.top:8000/api/diyp/?ch={name}&date={date}",
      "logo": "https://epg.112114.xyz/logo/{name}.png"
    },
    {
      "name": "🐉青龙 xiaoran012 update",
      "type": 0,
      "url": "https://raw.githubusercontent.com/xiaoran012/update/refs/heads/main/output/full.txt",
      "ua": "okhttp/3.15",
      "epg": "http://epg.51zmt.top:8000/api/diyp/?ch={name}&date={date}",
      "logo": "https://epg.112114.xyz/logo/{name}.png"
    },
    {
      "name": "🐯白虎 xiaoran012 core",
      "type": 0,
      "url": "https://raw.githubusercontent.com/xiaoran012/core/refs/heads/main/output/custom.txt",
      "ua": "okhttp/3.15",
      "epg": "http://epg.51zmt.top:8000/api/diyp/?ch={name}&date={date}",
      "logo": "https://epg.112114.xyz/logo/{name}.png"
    },
    {
      "name": "🐯白虎 xiaoran012 update",
      "type": 0,
      "url": "https://raw.githubusercontent.com/xiaoran012/update/refs/heads/main/output/custom.txt",
      "ua": "okhttp/3.15",
      "epg": "http://epg.51zmt.top:8000/api/diyp/?ch={name}&date={date}",
      "logo": "https://epg.112114.xyz/logo/{name}.png"
    },
    {
      "name": "🦜朱雀 xiaoran077 core",
      "type": 0,
      "url": "https://raw.githubusercontent.com/xiaoran077/core/refs/heads/main/output/lite.txt",
      "ua": "okhttp/3.15",
      "epg": "http://epg.51zmt.top:8000/api/diyp/?ch={name}&date={date}",
      "logo": "https://epg.112114.xyz/logo/{name}.png"
    },
    {
      "name": "🦜朱雀 xiaoran077 update",
      "type": 0,
      "url": "https://raw.githubusercontent.com/xiaoran077/update/refs/heads/main/output/lite.txt",
      "ua": "okhttp/3.15",
      "epg": "http://epg.51zmt.top:8000/api/diyp/?ch={name}&date={date}",
      "logo": "https://epg.112114.xyz/logo/{name}.png"
    },
    {
      "name": "🐢玄武 xiaoran077 core",
      "type": 0,
      "url": "https://raw.githubusercontent.com/xiaoran077/core/refs/heads/main/output/result.txt",
      "ua": "okhttp/3.15",
      "epg": "http://epg.51zmt.top:8000/api/diyp/?ch={name}&date={date}",
      "logo": "https://epg.112114.xyz/logo/{name}.png"
    },
    {
      "name": "🐢玄武 xiaoran077 update",
      "type": 0,
      "url": "https://raw.githubusercontent.com/xiaoran077/update/refs/heads/main/output/result.txt",
      "ua": "okhttp/3.15",
      "epg": "http://epg.51zmt.top:8000/api/diyp/?ch={name}&date={date}",
      "logo": "https://epg.112114.xyz/logo/{name}.png"
    },
    {
      "name": "🐉青龙 xiaoranmuze core",
      "type": 0,
      "url": "https://raw.githubusercontent.com/xiaoranmuze/core/refs/heads/main/output/full.txt",
      "ua": "okhttp/3.15",
      "epg": "http://epg.51zmt.top:8000/api/diyp/?ch={name}&date={date}",
      "logo": "https://epg.112114.xyz/logo/{name}.png"
    },
    {
      "name": "🐉青龙 xiaoranmuze update",
      "type": 0,
      "url": "https://raw.githubusercontent.com/xiaoranmuze/update/refs/heads/main/output/full.txt",
      "ua": "okhttp/3.15",
      "epg": "http://epg.51zmt.top:8000/api/diyp/?ch={name}&date={date}",
      "logo": "https://epg.112114.xyz/logo/{name}.png"
    },
    {
      "name": "🐯白虎 xiaoranmuze core",
      "type": 0,
      "url": "https://raw.githubusercontent.com/xiaoranmuze/core/refs/heads/main/output/custom.txt",
      "ua": "okhttp/3.15",
      "epg": "http://epg.51zmt.top:8000/api/diyp/?ch={name}&date={date}",
      "logo": "https://epg.112114.xyz/logo/{name}.png"
    },
    {
      "name": "🐯白虎 xiaoranmuze update",
      "type": 0,
      "url": "https://raw.githubusercontent.com/xiaoranmuze/update/refs/heads/main/output/custom.txt",
      "ua": "okhttp/3.15",
      "epg": "http://epg.51zmt.top:8000/api/diyp/?ch={name}&date={date}",
      "logo": "https://epg.112114.xyz/logo/{name}.png"
    },
    {
      "name": "🦜朱雀 xiaoran66 core",
      "type": 0,
      "url": "https://gitee.com/xiaoran66/core/raw/master/output/lite.txt",
      "ua": "okhttp/3.15",
      "epg": "http://epg.51zmt.top:8000/api/diyp/?ch={name}&date={date}",
      "logo": "https://epg.112114.xyz/logo/{name}.png"
    },
    {
      "name": "🦜朱雀 xiaoran66 update",
      "type": 0,
      "url": "https://gitee.com/xiaoran66/update/raw/master/output/lite.txt",
      "ua": "okhttp/3.15",
      "epg": "http://epg.51zmt.top:8000/api/diyp/?ch={name}&date={date}",
      "logo": "https://epg.112114.xyz/logo/{name}.png"
    },
    {
      "name": "🐢玄武 xiaoran66 core",
      "type": 0,
      "url": "https://gitee.com/xiaoran66/core/raw/master/output/result.txt",
      "ua": "okhttp/3.15",
      "epg": "http://epg.51zmt.top:8000/api/diyp/?ch={name}&date={date}",
      "logo": "https://epg.112114.xyz/logo/{name}.png"
    },
    {
      "name": "🐢玄武 xiaoran66 update",
      "type": 0,
      "url": "https://gitee.com/xiaoran66/update/raw/master/output/result.txt",
      "ua": "okhttp/3.15",
      "epg": "http://epg.51zmt.top:8000/api/diyp/?ch={name}&date={date}",
      "logo": "https://epg.112114.xyz/logo/{name}.png"
    },
    {
      "name": "🐉青龙 xiaoran67 core",
      "type": 0,
      "url": "https://gitee.com/xiaoran67/core/raw/master/output/full.txt",
      "ua": "okhttp/3.15",
      "epg": "http://epg.51zmt.top:8000/api/diyp/?ch={name}&date={date}",
      "logo": "https://epg.112114.xyz/logo/{name}.png"
    },
    {
      "name": "🐉青龙 xiaoran67 update",
      "type": 0,
      "url": "https://gitee.com/xiaoran67/update/raw/master/output/full.txt",
      "ua": "okhttp/3.15",
      "epg": "http://epg.51zmt.top:8000/api/diyp/?ch={name}&date={date}",
      "logo": "https://epg.112114.xyz/logo/{name}.png"
    },
    {
      "name": "🐯白虎 xiaoran67 core",
      "type": 0,
      "url": "https://gitee.com/xiaoran67/core/raw/master/output/custom.txt",
      "ua": "okhttp/3.15",
      "epg": "http://epg.51zmt.top:8000/api/diyp/?ch={name}&date={date}",
      "logo": "https://epg.112114.xyz/logo/{name}.png"
    },
    {
      "name": "🐯白虎 xiaoran67 update",
      "type": 0,
      "url": "https://gitee.com/xiaoran67/update/raw/master/output/custom.txt",
      "ua": "okhttp/3.15",
      "epg": "http://epg.51zmt.top:8000/api/diyp/?ch={name}&date={date}",
      "logo": "https://epg.112114.xyz/logo/{name}.png"
    },
    {
      "name": "🐭鼠 xiaoran67 core",
      "type": 0,
      "url": "https://raw.githubusercontent.com/xiaoran67/core/refs/heads/main/output/others.txt",
      "ua": "okhttp/3.15",
      "epg": "http://epg.51zmt.top:8000/api/diyp/?ch={name}&date={date}",
      "logo": "https://epg.112114.xyz/logo/{name}.png"
    },
    {
      "name": "🐮牛 xiaoran67 update",
      "type": 0,
      "url": "https://raw.githubusercontent.com/xiaoran67/update/refs/heads/main/output/others.txt",
      "ua": "okhttp/3.15",
      "epg": "http://epg.51zmt.top:8000/api/diyp/?ch={name}&date={date}",
      "logo": "https://epg.112114.xyz/logo/{name}.png"
    },
    {
      "name": "🐯虎 xiaoran37 core",
      "type": 0,
      "url": "https://raw.githubusercontent.com/xiaoran37/core/refs/heads/main/output/others.txt",
      "ua": "okhttp/3.15",
      "epg": "http://epg.51zmt.top:8000/api/diyp/?ch={name}&date={date}",
      "logo": "https://epg.112114.xyz/logo/{name}.png"
    },
    {
      "name": "🐰兔 xiaoran37 update",
      "type": 0,
      "url": "https://raw.githubusercontent.com/xiaoran37/update/refs/heads/main/output/others.txt",
      "ua": "okhttp/3.15",
      "epg": "http://epg.51zmt.top:8000/api/diyp/?ch={name}&date={date}",
      "logo": "https://epg.112114.xyz/logo/{name}.png"
    },
    {
      "name": "🐲龙 xiaoran67 core",
      "type": 0,
      "url": "https://raw.githubusercontent.com/xiaoran67/core/refs/heads/main/output/others.txt",
      "ua": "okhttp/3.15",
      "epg": "http://epg.51zmt.top:8000/api/diyp/?ch={name}&date={date}",
      "logo": "https://epg.112114.xyz/logo/{name}.png"
    },
    {
      "name": "🐍蛇 xiaoran67 update",
      "type": 0,
      "url": "https://raw.githubusercontent.com/xiaoran67/update/refs/heads/main/output/others.txt",
      "ua": "okhttp/3.15",
      "epg": "http://epg.51zmt.top:8000/api/diyp/?ch={name}&date={date}",
      "logo": "https://epg.112114.xyz/logo/{name}.png"
    },
    {
      "name": "🐴马 xiaoran85 core",
      "type": 0,
      "url": "https://raw.githubusercontent.com/xiaoran85/core/refs/heads/main/output/others.txt",
      "ua": "okhttp/3.15",
      "epg": "http://epg.51zmt.top:8000/api/diyp/?ch={name}&date={date}",
      "logo": "https://epg.112114.xyz/logo/{name}.png"
    },
    {
      "name": "🐑羊 xiaoran85 update",
      "type": 0,
      "url": "https://raw.githubusercontent.com/xiaoran85/update/refs/heads/main/output/others.txt",
      "ua": "okhttp/3.15",
      "epg": "http://epg.51zmt.top:8000/api/diyp/?ch={name}&date={date}",
      "logo": "https://epg.112114.xyz/logo/{name}.png"
    },
    {
      "name": "🐒猴 xiaoran012 core",
      "type": 0,
      "url": "https://raw.githubusercontent.com/xiaoran012/core/refs/heads/main/output/others.txt",
      "ua": "okhttp/3.15",
      "epg": "http://epg.51zmt.top:8000/api/diyp/?ch={name}&date={date}",
      "logo": "https://epg.112114.xyz/logo/{name}.png"
    },
    {
      "name": "🐔鸡 xiaoran012 update",
      "type": 0,
      "url": "https://raw.githubusercontent.com/xiaoran012/update/refs/heads/main/output/others.txt",
      "ua": "okhttp/3.15",
      "epg": "http://epg.51zmt.top:8000/api/diyp/?ch={name}&date={date}",
      "logo": "https://epg.112114.xyz/logo/{name}.png"
    },
    {
      "name": "🐶狗 xiaoran077 core",
      "type": 0,
      "url": "https://raw.githubusercontent.com/xiaoran077/core/refs/heads/main/output/others.txt",
      "ua": "okhttp/3.15",
      "epg": "http://epg.51zmt.top:8000/api/diyp/?ch={name}&date={date}",
      "logo": "https://epg.112114.xyz/logo/{name}.png"
    },
    {
      "name": "🐷猪 xiaoran077 update",
      "type": 0,
      "url": "https://raw.githubusercontent.com/xiaoran077/update/refs/heads/main/output/others.txt",
      "ua": "okhttp/3.15",
      "epg": "http://epg.51zmt.top:8000/api/diyp/?ch={name}&date={date}",
      "logo": "https://epg.112114.xyz/logo/{name}.png"
    }
    ],
    "sites": [
        {
            "key": "cctv",
            "name": "📺央视｜大全",
            "type": 3,
            "api": "csp_CCTV",
            "searchable": 0,
            "filterable": 0,
            "ext": "https://gitee.com/lukei7/lib/raw/Luck/央视大全.json",
            "jar": "https://gitee.com/lukei7/lib/raw/Luck/HeChengChaXiu.jar"
        },
        {
            "key": "央视经典",
            "name": "📺央视｜经典",
            "type": 3,
            "api": "csp_Bili",
            "searchable": 0,
            "quickSearch": 1,
            "filterable": 1,
            "ext": "https://gitee.com/lukei7/lib/raw/Luck/%E5%93%94%E5%93%A9%E7%BB%8F%E5%85%B8.json"
        }
    ]
}